filename,description
item108153495.jpg,"This is a burgundy women's blouse featuring a sheer chiffon fabric, with a flowing silhouette, long sleeves, and a V-neckline, likely contemporary and versatile for casual to semi-formal events."
item112414117.jpg,"The item is a classic black suede pump featuring a rounded toe, mid-height tapered heel, and a subtle studded detail along the upper's edge, evoking a timeless, versatile style suitable for various occasions."
item112851743.jpg,"These are women's coral pink straight-leg capri pants, likely made of a cotton blend with a smooth finish, featuring a mid-rise fit and a classic button-zipper closure, suited for casual spring or summer wear."
item111933518.jpg,"This is a black suede peep-toe ankle boot featuring a chunky stacked heel, detailed with playful fringe along the side, a stylish zipper closure, evoking a boho-chic feel that is versatile for multiple seasons."
item110548869.jpg,"The item is a pair of straight-leg, red pants most likely made from a cotton blend, featuring a button closure and a smooth flat front, designed in a casual style that could suit various everyday settings."
item106874647.jpg,"This is a classic, long-sleeved white button-up shirt featuring a pointed collar, fitted silhouette, and appears to be made from a lightweight cotton blend, suitable for a professional or formal setting."
item111414733.jpg,"This is a classic black leather knee-high boot featuring a slouchy shaft, a stacked heel, rounded toe, and a simple, timeless style that could be versatile for both casual and more dressed-up looks."
item110695025.jpg,"This is an off-white, cozy, cable knit sweater featuring a turtleneck, long sleeves, and a comfortable fit, likely made from a soft yarn possibly including wool or acrylic, evoking a timeless, casual style that's perfect for chilly weather."
item112262250.jpg,"This fashion item is a black ankle boot constructed of suede material, featuring a peep toe, chunky stacked heel, side zipper closure, and embellished with fringe details on the side, invoking a boho-chic style that's versatile for various occasions."
item112315277.jpg,"This is a classic black leather Chelsea boot featuring elastic side panels for a snug fit, a modest block heel, a pointed toe silhouette, and a pull tab at the rear for ease of wear, embodying a timeless style that transcends seasons."
item105067431.jpg,"These are red, straight-cut, mid-rise trousers likely made from a smooth, non-stretch fabric, featuring a clean waistband without belt loops, and finished with a simple hem, giving off a sleek, modern look suitable for both casual and smart-casual outfits."
item111847207.jpg,"This is a contemporary, purple, possibly synthetic blend, long-sleeve tunic top with a relaxed fit, featuring a round neckline and an asymmetrical hemline that could be a versatile and comfortable addition to a casual wardrobe."
item103003446.jpg,"This is a long-sleeved, deep plum blouse featuring a relaxed fit, v-neckline, made from a smooth fabric with a straight hem that falls to hip length, suitable for a contemporary, casual to smart-casual wardrobe."
item112546508.jpg,"This is a pair of black leather Chelsea boots featuring a snug ankle-high fit, elastic side panels, a pointed toe, a moderate block heel, and a classic, timeless style that is versatile for various occasions and ensembles."
item111918601.jpg,"This is a maroon, long-sleeved, round-neck blouse in a relaxed fit, likely made of a smooth, lightweight fabric, with a subtle high-low hem and a minimalistic design that seems versatile enough to be styled for both casual and business casual looks."
item112313915.jpg,"This is a classic black leather knee-high boot featuring a timeless design with a rounded toe, a modest stacked heel, and minimalistic seam detailing, likely suitable for casual to semi-formal wear across various seasons."
item104830431.jpg,"This is a women's white, long-sleeve blouse made from a lightweight fabric, likely cotton or a cotton blend, featuring a button-up front, pointed collar, and distinctive voluminous ruffled detailing along the shoulder seams, giving it a feminine and possibly vintage-inspired look."
item106514323.jpg,"This is a classic, tailored-fit white dress shirt made of a smooth cotton blend, featuring a pointed collar, button-up front, and long sleeves with buttoned cuffs, suitable for professional or formal occasions."
item109150596.jpg,"This is a men's classic white button-up shirt with a relaxed fit, made from a cotton blend, featuring a traditional point collar, buttoned cuffs, and a single chest pocket, suitable for business casual or formal attire."
item98918987.jpg,"This is a burgundy crinkled-texture blouse with a V-neckline, full-length sleeves, a relaxed fit, and a straight hem, likely made from a synthetic blend, suggestive of a casual yet stylish piece from a contemporary era."
item110075812.jpg,"This is a classic-fit, white, button-up dress shirt made of a cotton blend with a pointed collar and buttoned cuffs, likely designed for a professional or formal setting, displaying a timeless style that would be suitable for various eras."
item108319937.jpg,"These are solid coral-red women's capri pants with a straight-leg cut, likely made from a cotton blend, featuring a mid-rise waist and a classic button-zipper closure, suitable for casual spring/summer wear."
item112202573.jpg,"This is a contemporary, black leather crossbody bag from Kate Spade with a textured finish, a streamlined rectangular shape, a zip-top closure, and a slender adjustable strap, ideal for a versatile and stylish accessory that suits various occasions."
item111880890.jpg,"This is a classic black leather knee-high boot featuring a sleek, rounded-toe design with minimal detailing except for a strap with a buckle at the top, suitable for a streamlined look that could complement both casual and slightly more formal attire."
item93772606.jpg,"These are coral pink, straight-leg capri pants, likely made from a cotton blend, featuring a mid-rise fit, and a clean, simple design without visible embellishments, evoking a casual, spring or summertime vibe."
item106656252.jpg,"This is a classic black leather waist bag featuring a rectangular shape, a large front flap pocket, a zippered main compartment, an adjustable strap, and silver-toned hardware, presenting a practical yet stylish accessory likely suitable for casual wear."
item111713607.jpg,"This is a classic black leather Chelsea boot featuring a sleek silhouette with a pointed toe, elastic side panels for a comfortable fit, and a moderate block heel, embodying a timeless style suitable for various occasions and potentially versatile wardrobe pairings."
item105787139.jpg,"This is a deep plum-colored, long-sleeved blouse with a relaxed fit and a V-neckline, likely made from a lightweight, flowy fabric, evoking a contemporary, casual yet sophisticated style."
item112107198.jpg,"This is a tall, black leather riding boot featuring a round toe, a flat heel, minimalistic design with a decorative buckle at the top, and a classic, sleek fit, suitable for both equestrian activities and casual fashion."
item111237588.jpg,"This is a long-sleeve, burgundy-colored blouse with a relaxed fit and simple round neckline, featuring a flowing silhouette and possibly a comfortable fabric, suitable for a casual contemporary style."
item108082441.jpg,"This is a women's burgundy blouse featuring sheer long sleeves, a V-neckline, a relaxed fit, possibly made of a synthetic blend, with a layered hem, suggesting a contemporary style that could be versatile for both casual and smart-casual occasions."
item110145682.jpg,"This is a contemporary style, deep purple, lightweight top made from a jersey knit fabric, featuring an asymmetrical hem, a relaxed fit, and long sleeves, ideal for casual wear."
item109971150.jpg,"This is a classic, black, pebbled leather crossbody bag featuring a streamlined rectangular shape, an adjustable strap, and a subtle logo with a contemporary style suitable for casual to semi-formal occasions."
item106493588.jpg,"This is a classic-fit white dress shirt made from cotton, featuring a pointed collar, button-up front, and long sleeves, likely designed for office or formal wear."
item108113862.jpg,"This is a women's white cotton blouse featuring a classic collar, voluminous ruffled sleeves, button-front closure, a regular fit, and straight hem, with a contemporary romantic style that hints at vintage influence."
item103756367.jpg,"This is a burgundy, crinkle-textured long-sleeve blouse with a relaxed fit, featuring a V-neckline and a casual, contemporary style, likely made from a synthetic blend."
item111137185.jpg,"This is a loose-fitting, deep purple blouse featuring sheer long sleeves, a v-neckline, a layered hem, and seems to be made from a synthetic chiffon-like fabric, reflecting a contemporary, feminine style that is versatile for both casual and semi-formal wear."
item112602031.jpg,"This is a classic black leather knee-high boot featuring a round toe, minimalistic design, flat heel, and a decorative buckle at the top, likely aiming for a versatile, timeless appeal that could fit a variety of looks from casual to semi-formal."
item108304589.jpg,"This is a classic, men's white button-up dress shirt featuring a crisp collar, a chest pocket, long sleeves, and a regular fit; made likely from cotton or a cotton blend, it is a versatile piece suiting various styles and eras, ideal for formal or business casual attire."
item111399682.jpg,"This is a classic white, button-up blouse with a tailored fit and point collar, made of a smooth, likely cotton-blend fabric, featuring long sleeves with buttoned cuffs, which is versatile for both professional and casual wear."
item112582614.jpg,"This item is a black suede peep-toe ankle boot with a mid-height stacked wooden heel, accented with a fringe detail and side zipper, reflecting a boho-chic style that could be versatile for various fashion trends."
item112607485.jpg,"This is a black leather ankle boot featuring a slouchy silhouette with a strap detail accented by a metal ring, a stacked wooden heel, a rounded toe, and a vintage-inspired style that could complement a variety of modern fashion looks."
item111069571.jpg,"This is a pair of black, leather Chelsea boots featuring a classic, ankle-high shape with elastic side panels, a pull-on loop at the back, a pointed toe, and a stacked heel, suitable for a smart-casual style across various seasons."
item109714709.jpg,"This is a classic black suede pump with a pointed toe, mid-height tapered heel, and subtle studded detailing, suggesting a versatile and timeless piece suitable for various occasions and potentially inspired by fashion from the late 20th to early 21st century."
item107116552.jpg,"This item is a pair of vibrant red, possibly cotton, mid-rise straight-leg trousers, likely suitable for casual to semi-formal wear."
item112422626.jpg,"This is a sleek black leather clutch bag featuring a rectangular shape with a flap cover, exhibiting a timeless style and versatile design, likely suitable for both casual and formal events."
item111456657.jpg,"This is a black leather ankle boot featuring a slouched design with a decorative side buckle, stacked heel, pointed toe, and appears to have a vintage-inspired style echoing fashion trends possibly from the early 2000s or reminiscent of Western design elements."
item112659181.jpg,"This is a classic knee-high black leather boot featuring a sleek silhouette with a pointed toe, a moderate block heel, and a subtle side zipper, embodying a timeless style that suits various occasions and could be a versatile addition to a modern wardrobe."
item109002474.jpg,"This is a burgundy women's blouse featuring a flowy chiffon fabric with sheer long sleeves, a relaxed fit, and a V-neck cut, which gives off a feminine and slightly formal style that could be versatile for office wear or casual events."
item112706530.jpg,"This is a classic black leather Chelsea boot featuring elastic side panels, a pull tab at the rear, a pointed toe, a mid-height block heel, and a silhouette that's versatile across various styles and eras, suitable for both casual and semi-formal outfits."
item109527469.jpg,"This is a black leather ankle boot featuring a slouchy shaft with a decorative buckle, a pointed toe, a stacked heel—possibly hinting at a vintage or retro style—and a zipper closure on the side for a fitted look."
item106068596.jpg,"This is a men's classic-fit white cotton button-up shirt with a point collar, single chest pocket, button cuffs, and a curved hem, likely from a contemporary era, displaying a wrinkled texture which could suggest it is either pre-worn or styled to appear relaxed."
item112067866.jpg,"This is a long-sleeve, burgundy blouse featuring a relaxed fit, V-neckline, and likely made from a smooth, non-stretch fabric, reflecting a modern, casual style suitable for various occasions."
item98955005.jpg,"This is a maroon, textured blouse featuring a loose fit, long sleeves, a V-neckline, and a casual style, likely made from a crinkled synthetic fabric, giving it a relaxed, contemporary appearance."
item112647124.jpg,"This is a classic black leather Chelsea boot featuring elastic side panels, a moderate block heel, a sleek silhouette with a pointed toe, and is designed in a timeless style that's versatile for various fashion eras and outfits."
item112835407.jpg,"The item is a pair of classic black leather riding boots featuring a knee-high design with a rounded toe, flat heel, and a decorative buckle at the top, suitable for a timeless equestrian style or casual wear."
item110794931.jpg,"This is a classic black leather ankle boot featuring an elastic side panel for ease of fit, a pointed toe shape, mid-height block heel, and a timeless style appropriate for various occasions and likely to fit within a modern wardrobe."
item111974450.jpg,"This is a classic black leather knee-high boot featuring a slender silhouette, a modest block heel, a full-length zipper closure on the side, and a timeless style that could complement both casual and more formal outfits across various eras."
item112529130.jpg,"This is a classic white, button-up blouse made of cotton or a cotton blend with a tailored fit, long sleeves, and a standard collar, reflecting a timeless style that could be versatile for office attire or formal occasions."
item105313740.jpg,"This is a classic-styled, long-sleeve white button-up shirt made of a lightweight, possibly cotton-blend fabric, featuring a crisp collar, buttoned cuffs, and a tailored fit that could suit both casual and formal occasions."
item111317480.jpg,"This is a classic white button-up shirt with a point collar, made likely from cotton or a cotton blend, featuring a tailored fit with long sleeves and buttoned cuffs, suitable for a professional or formal setting; the design has a timeless quality and is indicative of traditional business attire."
item112093487.jpg,"This is a classic black leather knee-high boot featuring a slouchy shaft, a slightly rounded toe, and a stacked heel, consistent with a timeless, versatile style that could be associated with Western or equestrian fashion influences."
item112323285.jpg,"This is a classic black leather crossbody bag with a textured finish, featuring a simple rectangular shape, a slender adjustable strap, and a silver-toned zip closure, typically from a contemporary era, styled for versatility and elegance."
item109504007.jpg,"This is a black suede peep-toe ankle boot with a mid-height stacked heel, featuring a zip closure and adorned with cascading fringe details likely inspired by bohemian style, suitable for casual to smart-casual wear."
item104132211.jpg,"This is a classic women's white button-up shirt with a pointed collar, long sleeves, and a tailored fit, likely made from cotton or a cotton blend, suitable for professional or formal settings."
item112031456.jpg,"This is a cream-colored, cable-knit sweater made of a thick yarn, featuring a relaxed fit with a high turtleneck and ribbed cuffs, likely from a contemporary casual wear line."
item112547391.jpg,"This is a pair of red, straight-leg chinos, likely made from a cotton-blend fabric, featuring a regular waist fit with a button closure and a classic four-pocket design, representing a casual, timeless style suitable for various occasions."
item100001657.jpg,"This item is a pair of vibrant red, straight-leg cotton pants featuring a standard button-and-zipper closure, providing a classic and potentially casual style that appears versatile for various occasions."
item109390144.jpg,"This is a contemporary-style black pebbled leather crossbody bag featuring a streamlined rectangular shape, an adjustable strap, a zippered top closure, and minimalistic hardware accents, likely suitable for casual to smart-casual occasions."
item112452036.jpg,"This is a women's black leather ankle boot with a slouched shaft, decorative strap with a silver buckle, stitching details, a pointed toe, and a stacked wooden heel, reflecting a modern take on a vintage-inspired style."
item112109828.jpg,"This is a classic black suede pump with a rounded toe, a modest heel height, adorned with subtle stud detailing, offering a timeless look that could complement both formal and casual outfits."
item93346394.jpg,"This is a long-sleeve, deep plum-colored blouse made from a non-glossy fabric, featuring a relaxed fit with a V-neckline and possibly cut in a style that suggests a modern, casual elegance."
item110996323.jpg,"This is a classic black leather Fossil messenger bag featuring a rectangular shape, a flap-over design with a strap closure, an adjustable shoulder strap, and a textured finish, suitable for a versatile and timeless fashion accessory."
item109791101.jpg,"This is a dark brown suede ankle boot featuring elastic side panels for a comfortable fit, a pointed toe shape, a low stacked heel for practicality, and a pull-tab at the back; its contemporary style makes it a versatile piece suited for various casual or smart-casual looks."
item110983443.jpg,"This is a pair of classic black leather knee-high boots featuring a sleek, fitted silhouette with a pointed toe, mid-height block heel, with a full-length zipper on the shaft, likely from a contemporary era and versatile for various styles."
item100246366.jpg,"This is a classic women's white cotton blouse featuring a structured shape with dramatic ruffle detailing on the shoulders, a standard collar, button-up front, and long sleeves, potentially suiting a business-casual style or a vintage-inspired look."
item107055860.jpg,"This is a pair of bright red, straight-leg trousers, likely made from a smooth, sturdy fabric, featuring a flat front design with no visible pockets for a sleek look, displaying a mid-rise waist for a comfortable fit, and finished with a scalloped hem for a unique, stylish touch."
item112685259.jpg,"This is a deep purple, long-sleeved, lightweight women's top with a flowy, asymmetric hem and a relaxed fit, likely made from a soft, stretchy fabric such as jersey or a viscose blend, suitable for a casual, contemporary style."
item112684701.jpg,"This is a classic, long-sleeve, button-up white blouse with a pointed collar, likely made from a lightweight cotton blend, providing a semi-fitted silhouette, versatile for both business casual and formal wear."
item112053196.jpg,"This is a classic-style, cream-colored cable knit sweater, likely made of wool or a wool blend, featuring a high turtleneck and a relaxed fit, ideal for a cozy, casual look in a cooler climate or season."
item109486936.jpg,"This is a classic black Fossil messenger bag made of leather, featuring a rectangular shape with a flap-over strap closure and an adjustable shoulder strap, suitable for a timeless and versatile accessory choice."
item112347439.jpg,"This is a contemporary Kate Spade black pebbled leather crossbody bag featuring a rectangular shape, zip-top closure, a single adjustable strap, and the brand's logo in gold lettering, combining practicality with a timeless, chic style."
item112260309.jpg,"This is a black suede open-toe ankle bootie featuring fringed detailing, a side zipper, and a chunky stacked heel, offering a boho-chic style likely from the late 2010s to early 2020s."
item112644181.jpg,"This is a pair of black leather knee-high boots with a slouchy fit, featuring a stacked heel and likely designed in a classic or slightly western style, suitable for a variety of outfits and accessible for shoppers seeking a timeless footwear option."
item110171552.jpg,"This is a classic black leather crossbody bag from Fossil, featuring a rectangular shape with a flap closure, a subtle texture, and a single, adjustable strap, suitable for a timeless accessory in a versatile style."
item112652945.jpg,"This is a classic, tailored-fit, white cotton button-up shirt with a pointed collar and long sleeves, likely designed for formal or business wear."
item112146425.jpg,"These are straight-leg, red chinos made of cotton or a cotton blend, featuring a mid-rise waist and a button closure, likely designed for a casual, contemporary look."
item111624480.jpg,"This is a contemporary-style women's purple top featuring a round neckline, long sleeves, an asymmetrical hem, and is likely made of a comfortable, stretchable fabric such as jersey knit, offering a relaxed and casual fit."
item111767632.jpg,"This is a long-sleeved, crinkled burgundy blouse with a loose fit, V-neck design, and appears to be made of a textured cotton or cotton blend, suited for a casual, bohemian look."
item105967913.jpg,"This is a burgundy-colored, lightweight blouse featuring a V-neckline, long sleeves with slits, and a relaxed fit, possibly made from a synthetic blend, offering a versatile and classic style appropriate for various occasions."
item109759367.jpg,"This is a classic black leather shoulder bag from Fossil featuring a structured rectangular shape, fold-over flap with a magnetic closure, and an adjustable strap, perfect for everyday use with a timeless style and durable construction."
item91790911.jpg,"This is a contemporary, dark purple, lightweight, long-sleeve top, likely made from a soft, stretchy fabric such as jersey or a synthetic blend, featuring an asymmetrical hemline that flatters various body types, with a relaxed, draped fit suitable for casual wear."
item112094850.jpg,"This is a cream-colored, cable-knit sweater made from a cozy, knit fabric, featuring a relaxed fit with a high-neck design, and long sleeves indicative of a casual, timeless style likely from a contemporary era."
item92476745.jpg,"This is a burgundy women's blouse with a relaxed fit, made from a smooth, lightweight fabric, featuring long sleeves with potential lace embellishments at the cuffs, a round neckline, and a high-low hem, suggesting a modern, casual style."
item107406147.jpg,"This is a classic white button-up shirt made of a lightweight, likely cotton-blend material, with long sleeves, a pointed collar, and a tailored fit, potentially from a contemporary era due to its timeless design suitable for work or casual wear."
item110141108.jpg,"This is a pair of black leather knee-high boots featuring a sleek, fitted shape with a subtle buckle detail near the top, a classic round toe, a low heel, likely designed for a balance of style and comfort, suitable for a variety of looks and potentially from a modern fashion era."
item111845154.jpg,"This is a cream-colored, cable-knit turtleneck sweater featuring a cozy, relaxed fit and long sleeves, likely made from a wool blend, suggestive of a classic yet comfortable style resonant with cold-weather fashion."
item107464623.jpg,"This is a pair of coral pink capri pants, likely made from a cotton blend, featuring a straight-leg cut with a mid-rise waist, providing a casual fit, suitable for spring or summer wear."
item106866831.jpg,"This is a classic, long-sleeved, button-up white shirt made of a smooth, possibly cotton-blend fabric, featuring a pointed collar and a tailored fit that seems versatile for both casual and formal wear, emanating a timeless style likely suitable for a contemporary wardrobe."
item99406498.jpg,"This is a women's white, likely cotton, button-up blouse with ruffle detailing on the shoulders, a straight fit, long sleeves with buttoned cuffs, and a classic pointed collar, embodying a romantic or Victorian-inspired style that could be versatile for both casual and formal occasions."
item111014057.jpg,"This is a classic black leather crossbody bag featuring a textured finish, a rectangular shape, a fold-over flap with a strap closure, and the brand 'Fossil' indicated at the front, ideal for a timeless and versatile accessory option."
item106129754.jpg,"This is a contemporary, long-sleeve, deep purple blouse with an asymmetrical hem, likely made of a knit fabric, offering a relaxed fit that drapes comfortably over a mannequin, suitable for a casual to smart-casual setting."
item111790048.jpg,"This is a light grey, cable knit poncho-style sweater with ribbed turtleneck, wide arm openings, and a relaxed, draped fit, likely made from wool or acrylic blend, representing a casual and cozy style possibly from the late 2010s to early 2020s."
item111138420.jpg,"This is a black leather ankle boot featuring a slouched ankle with a strap and circular buckle detail, a pointed toe, a stacked heel, and a vintage-inspired aesthetic that could pair well with both casual and dressier ensembles."
item112213491.jpg,"This is a cream-colored cable knit sweater with a high neck, ribbed textures, and a relaxed fit, likely made from a cozy wool blend or acrylic, giving it a classic and timeless appeal suitable for chilly weather."
item111487939.jpg,"This is a cream-colored, chunky knit sweater dress with a cozy turtleneck, featuring a cable knit design down the front, ribbed texture, and a relaxed fit that suggests a comfortable, casual style, possibly made from wool or a wool blend, suited for cold weather wear."
item112815883.jpg,"This is a pair of classic black leather knee-high boots featuring a slouchy shaft, a rounded toe, a stacked heel, minimalistic detailing, and a timeless style that suggests versatility for various occasions and potentially from a fashion era reminiscent of the late 20th to early 21st century."
item112390506.jpg,"This is a contemporary-style women's ankle boot featuring a dark brown suede material, elastic side panels for a snug fit, a pointed toe shape, and a low stacked heel, suitable for casual or smart-casual wear."
item112783998.jpg,"This is a black suede ankle boot with a peep-toe design, a chunky stacked heel, a side zipper closure, and features a fringe detail that adds a boho-chic touch reminiscent of trends popular in the 2010s."
item111798632.jpg,"This is a classic white button-up shirt made of a smooth, likely cotton blend fabric, featuring a tailored fit with a traditional pointed collar and long sleeves, suited for a timeless, professional wardrobe."
item112416736.jpg,"This is a classic black leather knee-high boot featuring a tapered toe, a block heel, and a discreet side zipper, reflecting a versatile and timeless style that is likely suitable for both casual and formal occasions."
item112485268.jpg,"This is a contemporary ankle boot featuring a chocolate brown suede upper with elastic side panels for a snug fit, a pointed toe, a small stacked heel, and subtle stitching details, aligned with modern semi-casual footwear styles."
item110766567.jpg,"This is a long-sleeved, deep plum-colored blouse with a V-neckline and a relaxed fit, possibly made of a smooth, synthetic fabric, designed in a contemporary style that seems versatile for both casual and formal settings."
item96298634.jpg,"This is a burgundy, long-sleeved, crinkle-textured blouse with a V-neckline and a relaxed fit, likely made from a synthetic blend, indicative of a casual yet stylish contemporary fashion choice."
item102201283.jpg,"This is a classic, long-sleeved, white button-down shirt featuring a pointed collar and a tailored fit, likely made from cotton or a cotton blend, representing a timeless piece suitable for both formal and business-casual attire."
item111998195.jpg,"This is a cream-colored, cable-knit sweater with a high neck and likely a soft wool blend material, featuring a relaxed fit and ribbed hems that suggest a cozy, casual style from a contemporary era, suitable for fall or winter layering."
item110705444.jpg,"This is a classic, long-sleeved, white button-up shirt made from a likely cotton-blend fabric, featuring a tailored fit with prominent, romantic-style ruffle detailing along the collar and placket, adhering to a vintage or Victorian-influenced aesthetic."
item112106480.jpg,"This is a light grey, cable knit sweater featuring a cozy turtleneck, ribbed accents, a relaxed fit, and is likely made from a wool blend or synthetic yarn, perfect for a contemporary, casual-chic style."
item110056016.jpg,"This is a classic white, long-sleeved button-up shirt, likely made of cotton or a cotton blend, featuring a point collar and a tailored fit, which appears to be a timeless piece appropriate for business casual attire."
item112376079.jpg,"This item is a black, open-toe ankle boot with fringe detailing on the side, featuring a medium stacked heel, likely made from suede or a suede-like material, fitted with a zip closure; it exudes a bohemian or Western-inspired style that seems contemporary."
item111035773.jpg,"This is a brown, suede ankle boot featuring elastic side panels for a snug fit, a pointed toe, and a low stacked heel, reflecting a contemporary style suitable for casual wear."
item111423434.jpg,"This is a women's burgundy long-sleeve blouse with a relaxed fit, made from a lightweight fabric, likely a synthetic blend, featuring a round neckline, a slightly high-low hem, and appears to be a contemporary, casual style suitable for everyday wear."
item106173476.jpg,"This is a crinkled white cotton button-up shirt with a classic collar, long sleeves, and a left chest pocket, likely designed for a relaxed fit and versatile for both casual and semi-formal settings."
item112638607.jpg,"This is a classic-fit, white cotton button-up shirt with long sleeves, a pointed collar, and a curved hem, likely designed for a professional or formal setting."
item102468791.jpg,"These are mid-rise, straight-leg, coral pink pants that appear to be made from a cotton blend, suitable for a casual spring or summer wardrobe."
item112624208.jpg,"This is a classic knee-high women's boot made from black leather featuring a rounded toe, a minimalistic design without prominent embellishments, and a side-buckle detail near the top of the shaft for a subtle style accent, likely suitable for casual to dressier occasions."
item111740247.jpg,"This is a classic black, rectangular-shaped leather clutch with a front flap pocket, offering a sleek and versatile design suitable for a variety of styles and eras."
item112237228.jpg,"This is a cream-colored, cable-knit sweater made of a wool blend or acrylic material, featuring a relaxed fit with a ribbed turtleneck and cuffs, likely from a contemporary casual wear collection."
item109803463.jpg,"This is a classic black leather Chelsea boot featuring a sleek design with elastic side panels, a modest block heel, a pointed toe, and a pull tab at the back for ease of slipping on, suitable for both casual and semi-formal styles."
item112053266.jpg,"This is a cream-colored, cable-knit sweater made of a cozy, textured knit fabric featuring a turtle neck and a relaxed fit that offers a classic and comfortable look for colder weather."
item109110841.jpg,"This is a cream-colored chunky knit tunic sweater featuring a cowl neck, cable knit detail, ribbed textures, likely made from wool or acrylic blend, offering a cozy, relaxed fit ideal for a fall or winter wardrobe."
item111505139.jpg,"This is a classic, white, long sleeve button-down shirt with distinctive voluminous ruffle details on the shoulder seam, crafted from what appears to be a cotton blend fabric, featuring a standard collar and a straight fit, which exudes a vintage-inspired, feminine style likely popular in recent fashion seasons."
item112247445.jpg,"This is a classic black leather knee-high boot featuring a sleek design with a rounded toe, a subtle block heel, a decorative buckle at the top, and a full-length side zipper, likely designed for a timeless, versatile wardrobe addition suitable for various occasions."
item112456650.jpg,"This is a classic black leather ankle boot featuring a sleek, pointed toe shape, elastic side panels for a comfortable slip-on fit, and a mid-height block heel, suitable for versatile styling across different eras and occasions."
item112310666.jpg,"This is a classic Kate Spade crossbody bag crafted in black pebbled leather, featuring a streamlined rectangular shape, a single adjustable strap for a comfortable fit, and a minimalist design suitable for modern style preferences."
item112388500.jpg,"This is a light gray, cable knit pullover sweater with a relaxed fit, featuring a chunky turtleneck, ribbed cuffs, and a likely acrylic or wool blend material, suggestive of a cozy, casual style suitable for fall or winter wear."
item111756624.jpg,"This is a women's white, long-sleeve blouse featuring a classic collar, button-front closure, a relaxed fit with ruffled detailing on the shoulders, possibly made from cotton or a cotton blend, displaying a romantic or Victorian-inspired style."
item110606123.jpg,"This is a contemporary, burgundy-colored women's blouse with long sleeves, made from a light, possibly synthetic fabric, featuring a relaxed fit, a round neckline, and a high-low hemline that adds a modern touch to the garment's silhouette."
item112385894.jpg,"This is a classic white button-up shirt tailored for a fitted silhouette, made from a smooth, likely cotton-blend fabric, featuring a pointed collar, long sleeves with buttoned cuffs, and a straight hem, indicative of a timeless, versatile piece suitable for both casual and formal settings."
item111904492.jpg,"This is a classic black leather knee-high boot featuring a sleek silhouette, a modest heel, a rounded toe, and a full-length side zipper, suitable for a sophisticated and timeless style ideal for cooler weather."
item112052722.jpg,"This is a classic black leather Chelsea boot featuring an ankle-high design, elastic side panels for ease of fit, a rounded pointed toe, and a chunky moderate heel, which embodies a versatile style suitable for both casual and smart-casual wear."
item112152515.jpg,"This is a contemporary, maroon-colored, long-sleeve blouse made from a smooth, likely synthetic fabric, featuring a regular fit with a slightly flaring hem and understated cuffs, suitable for casual to business-casual wear."
item110922814.jpg,"This is a classic black leather fanny pack featuring a rectangular shape, multiple zippered compartments, a flap cover with a snap closure, and an adjustable strap, suitable for versatile, hands-free carrying."
item112364890.jpg,"This is a classic black leather waist bag with a rectangular shape, featuring a fold-over flap pocket in the front, an adjustable strap, and zipper closures, suitable for a hands-free, casual yet practical style."
item108943730.jpg,"This is a classic white button-up shirt featuring a crisp collar, long sleeves, and a tailored fit; it's made from a cotton blend fabric, signifying a timeless piece suitable for both business and casual wear."
item111768751.jpg,"This is a pair of classic black leather knee-high boots featuring a sleek silhouette with a pointed toe and a moderate block heel, likely designed for both style and comfort in a timeless fashion that fits various eras and occasions."
item109042749.jpg,"This is a cream-colored, chunky knit sweater with a cozy turtleneck, ribbed textures, and a cable knit pattern, designed in a relaxed, oversized fit that suggests a casual contemporary style."
item106753175.jpg,"This is a women's deep burgundy blouse with sheer long sleeves, featuring a v-neckline and a loose, flowy fit, likely made from a synthetic blend, presenting a simple yet elegant style suitable for various occasions."
item111771989.jpg,"This is a maroon long-sleeve blouse featuring a relaxed fit with a modest boat neckline, likely made from a smooth, stretchy fabric, suitable for a contemporary casual style, with the high-low hemline giving it a slightly modern edge."
item111691327.jpg,"This is a black suede ankle boot with a peep-toe design, side zipper closure, medium stacked wooden heel, adorned with a fringe detail, and evokes a contemporary boho-chic style."
item112042109.jpg,"This is a burgundy, textured long-sleeve blouse with a V-neckline and relaxed fit, likely made from a cotton blend, presenting a casual yet versatile style that seems contemporary and suitable for various occasions."
